optimal threshold,Test mAP
0.8999999999999995,89.10891089108911
