optimal threshold,Test mAP
0.19999999999999973,24.206826936816217
