optimal threshold,Test mAP
0.9999999999999996,24.299156123918834
