optimal threshold,Test mAP
0.6999999999999997,87.18057913407014
