optimal threshold,Test mAP
0.8999999999999995,87.59903041892385
