optimal threshold,Test mAP
0.7999999999999996,86.96026892548217
